"T1_hat","D1","T2_hat","D2","Z"
0.632446215468577,0,0.632446215468577,1,0
1.15253145294179,1,2.18500322431118,1,1
1.7103541787362,1,1.7228572344022,1,0
1.39269307015174,1,1.7287947592751,1,1
1.64652884451719,1,2.25349000216984,1,1
1.37932938566347,1,1.95524598167689,1,0
2.5,0,2.5,0,1
1.9643380992504,1,2.0093028288807,1,1
1.96960562523556,0,1.96960562523556,1,1
0.347565034208715,1,2.5,0,0
1.55223049164547,0,1.55223049164547,1,1
1.17978073034002,1,1.87607754567947,1,0
0.882931544068604,0,0.882931544068604,1,1
1.11158778525294,0,1.11158778525294,1,1
0.983068429593029,0,0.983068429593029,1,0
1.03133095439827,0,1.03133095439827,1,1
0.800725101949435,1,2.5,0,0
0.921324695267956,0,0.921324695267956,1,0
1.23144301478011,1,2.01641671672769,1,0
1.33094788109967,0,1.33094788109967,1,1
1.09927801569374,1,1.4319643555952,1,1
1.92846539205396,1,2.47702094427663,1,1
1.07718319157026,0,1.07718319157026,1,1
1.37255717380988,0,1.37255717380988,1,1
1.02805557003541,0,1.02805557003541,1,1
0.840201342582331,0,0.840201342582331,1,1
1.63889866159012,0,1.63889866159012,1,1
0.990297746003211,1,2.5,0,1
1.44392545644527,1,1.88326752315215,1,0
0.960750172835868,0,0.960750172835868,1,0
1.91502389513223,1,2.07468165498606,1,1
1.44073179458408,0,1.44073179458408,1,1
1.01091080223683,0,1.01091080223683,1,1
2.5,0,2.5,0,1
1.13806775925091,1,2.5,0,0
1.2515272940749,1,2.11859110667231,1,0
1.45006318646467,1,2.5,0,1
1.33825572159027,1,1.82192152929432,1,0
0.556203187703997,0,0.556203187703997,1,0
1.12184540782791,0,1.12184540782791,1,0
1.74481907271749,1,1.84262456160104,1,0
1.36898896340783,0,1.36898896340783,1,0
1.32491197682224,0,1.32491197682224,1,0
1.11749893316726,0,1.11749893316726,1,0
1.08545625095264,1,1.73495452363806,1,0
0.673525909423476,1,2.5,0,0
1.5298131913753,0,1.5298131913753,1,0
1.00844227758109,0,1.00844227758109,1,0
1.10004169418338,1,2.03180865897003,1,0
1.28114235898372,1,1.58540961735234,1,1
1.32692367510089,1,1.35426528952711,1,0
1.12720767932002,0,1.12720767932002,1,0
1.06909748894287,0,1.06909748894287,1,1
1.74190734828679,1,2.21932932200909,1,0
1.99366252660503,1,2.0790646642152,1,1
1.42903521408372,0,1.42903521408372,1,0
0.51430803296077,0,0.51430803296077,1,0
1.85339557697945,1,2.5,0,1
1.55903036981589,0,1.55903036981589,1,1
1.30915222777146,1,1.74213263607455,1,0
1.48890083922142,0,1.48890083922142,1,1
1.15544767555672,1,2.5,0,0
0.7463256419915,1,2.5,0,0
0.61300803939918,0,0.61300803939918,1,0
1.41673226213827,0,1.41673226213827,1,1
1.42824853909457,0,1.42824853909457,1,0
0.782755322002505,1,2.5,0,1
1.17173876845607,1,1.49459974470804,1,1
1.5513570107584,1,1.87915456957214,1,1
0.660726389465925,0,0.660726389465925,1,0
1.74596263303649,1,1.78362612726443,1,1
1.94370550548091,1,2.5,0,1
1.62407826702002,0,1.62407826702002,1,1
0.743748043116124,1,2.5,0,0
1.45422752375171,0,1.45422752375171,1,0
1.07054825711074,0,1.07054825711074,1,0
0.930123471896182,0,0.930123471896182,1,0
1.74777178228653,0,1.74777178228653,1,1
0.452028234821168,0,0.452028234821168,1,0
0.932131215868299,0,0.932131215868299,1,0
1.54977545755099,0,1.54977545755099,1,0
1.52760121719125,0,1.52760121719125,1,1
0.631590459930927,0,0.631590459930927,1,0
1.03382778980657,1,2.46721217295728,1,1
1.09913309044384,1,2.21172619517045,1,0
0.854628407917376,0,0.854628407917376,1,0
1.01712925229018,0,1.01712925229018,1,1
1.46919544053708,0,1.46919544053708,1,1
0.802463901083295,1,2.5,0,1
1.29964376786133,1,1.45393430954424,1,0
0.423109254755019,0,0.423109254755019,1,0
1.57944071895894,0,1.57944071895894,1,1
0.945057467776574,0,0.945057467776574,1,0
1.07075356835559,1,2.00775190824009,1,1
0.910176632258471,1,1.84057226396394,1,0
0.916735762897638,1,2.07255825557165,1,0
1.8210462666432,0,1.8210462666432,1,1
1.33771224720472,0,1.33771224720472,1,0
1.07601717479712,1,2.47584008131775,1,0
1.15296103329854,0,1.15296103329854,1,1
2.5,0,2.5,0,1
0.758671899544665,1,2.5,0,0
1.53113629430946,1,1.5777894427453,1,0
1.98795359926832,0,1.98795359926832,1,1
1.13829287282716,0,1.13829287282716,1,0
1.66617900088864,0,1.66617900088864,1,1
1.46044544950789,1,2.5,0,1
1.89991161675004,1,2.5,0,1
1.17122418187902,0,1.17122418187902,1,0
0.941869081938354,1,1.15379583966743,1,0
0.270870282440488,0,0.270870282440488,1,1
0.951787698239244,0,0.951787698239244,1,0
1.56681567580832,1,1.97463920876801,1,0
2.5,0,2.5,0,1
1.14658129583944,0,1.14658129583944,1,1
1.73169205934862,0,1.73169205934862,1,0
1.14073173262246,0,1.14073173262246,1,1
0.628057748827227,0,0.628057748827227,1,1
0.913806956442386,1,2.5,0,1
0.627982863421199,0,0.627982863421199,1,0
1.67564917481556,1,2.5,0,1
1.04995676302752,1,2.48330048388871,1,0
0.827013912183059,1,2.5,0,0
1.55476996355609,0,1.55476996355609,1,0
1.07884159214041,0,1.07884159214041,1,0
1.36446714790795,0,1.36446714790795,1,1
0.611202496540365,1,2.5,0,0
1.09179486224371,0,1.09179486224371,1,0
1.0056471100383,1,1.99265660915618,1,0
1.52649374482812,1,1.69614205274876,1,1
1.28210749041299,0,1.28210749041299,1,1
1.20336558993253,0,1.20336558993253,1,1
0.88283433978681,1,2.5,0,1
1.47061776807013,0,1.47061776807013,1,1
0.764252035144007,1,2.5,0,1
1.52693789450881,0,1.52693789450881,1,1
1.52427894315137,0,1.52427894315137,1,1
1.38580090228203,0,1.38580090228203,1,1
1.25016882626237,1,1.5884065152158,1,1
1.79485603749768,0,1.79485603749768,1,0
0.837994690976222,0,0.837994690976222,1,0
1.17034327263565,0,1.17034327263565,1,0
1.63249806446696,0,1.63249806446696,1,0
1.12458353426196,0,1.12458353426196,1,0
1.55413545238738,0,1.55413545238738,1,1
0.810404542969186,1,2.5,0,0
1.61962077038145,1,1.64434046880205,1,0
1.31509004063479,0,1.31509004063479,1,0
1.51472554485753,0,1.51472554485753,1,0
1.03579767802922,0,1.03579767802922,1,1
1.26767854733064,1,2.3835309490298,1,1
1.38559999336888,1,1.86939717098952,1,0
0.59589073116421,0,0.59589073116421,1,0
1.54801807463807,0,1.54801807463807,1,0
0.509083996341292,0,0.509083996341292,1,0
1.10861522094401,1,2.21594133221329,1,0
1.35744141065032,0,1.35744141065032,1,1
0.400678955420407,1,2.5,0,0
0.740689031060115,1,2.5,0,0
0.741260615613959,0,0.741260615613959,1,0
0.565746907359857,0,0.565746907359857,1,1
0.555785646025403,1,2.5,0,0
1.12026561614062,1,2.5,0,1
1.13872413168756,0,1.13872413168756,1,0
1.35161861279784,0,1.35161861279784,1,0
0.651258823655964,0,0.651258823655964,1,1
1.82089157169082,0,1.82089157169082,1,1
0.900757540708398,1,2.34323851700263,1,0
0.567504959132551,1,2.5,0,0
1.34300337158581,0,1.34300337158581,1,0
1.54296475800628,1,2.5,0,1
0.122297784188361,0,0.122297784188361,1,0
0.961867241739597,1,2.5,0,1
1.570830028723,1,1.746635814123,1,1
1.26164029709874,1,2.5,0,1
1.96981480508681,1,2.21527420675577,1,1
1.55854446706253,1,1.77667755606783,1,0
2.5,0,2.5,0,1
1.50812075281765,1,1.96025253281344,1,1
1.00650092343727,1,2.5,0,1
1.37957221886489,0,1.37957221886489,1,1
0.798685476798449,0,0.798685476798449,1,0
0.929761456152905,1,2.5,0,1
1.23501887248746,0,1.23501887248746,1,0
0.624952426165059,1,2.5,0,1
1.23738951458049,1,1.29602846418835,1,0
0.540195877618292,1,2.5,0,0
0.723934126620852,0,0.723934126620852,1,1
1.19687799628077,1,1.57082414898332,1,1
1.64029865337153,1,2.47188571320945,1,1
0.923958077156421,0,0.923958077156421,1,0
1.26690340081426,1,1.92629475476088,1,0
1.04040088147603,1,1.86911073310706,1,1
1.56428267184233,0,1.56428267184233,1,1
2.05828628016235,1,2.1499802987662,1,1
0.691518633128084,1,2.5,0,0
0.949920899153793,0,0.949920899153793,1,0
2.29294702010416,1,2.5,0,1
1.03466828037599,1,2.5,0,0
2.5,0,2.5,0,1
0.959239143504392,0,0.959239143504392,1,0
2.11312330549594,1,2.29547003738302,1,1
1.78069343665608,1,2.13897333882016,1,1
1.53673055631716,0,1.53673055631716,1,1
1.18746517181398,1,2.46821811837846,1,0
1.77080333238349,0,1.77080333238349,1,1
0.660584083540736,1,2.5,0,0
0.95737042247045,0,0.95737042247045,1,0
1.22464254055933,1,1.70783257274465,1,0
1.46317368477387,1,1.84780666568456,1,0
0.90555491141092,1,2.21182307838599,1,0
1.31086686537094,0,1.31086686537094,1,0
1.28157933232108,1,1.58780482206917,1,0
0.5585445242171,0,0.5585445242171,1,1
1.4299119642665,1,1.56082640185377,1,0
1.0992142146645,1,2.5,0,1
0.889620024547811,1,2.5,0,0
0.930925092788146,0,0.930925092788146,1,0
1.59284855656997,1,1.85578556542398,1,1
0.672517747578751,0,0.672517747578751,1,1
0.593025047454539,1,2.5,0,0
1.94485958000411,1,2.17744139862501,1,1
1.52507914109629,0,1.52507914109629,1,1
1.3611629368576,1,1.60172444682004,1,1
0.665581515309231,0,0.665581515309231,1,0
0.601992988645337,1,2.5,0,0
0.836207010361773,1,2.5,0,0
1.37868605672714,0,1.37868605672714,1,1
2.16877901754968,0,2.16877901754968,1,1
1.95868496907915,0,1.95868496907915,1,1
1.49055408515277,0,1.49055408515277,1,1
1.17021702388079,0,1.17021702388079,1,0
1.46518927511674,0,1.46518927511674,1,1
0.58178406675188,0,0.58178406675188,1,0
1.26449629540852,1,1.8168604884467,1,0
0.940249059515226,0,0.940249059515226,1,0
1.70826370589075,1,1.8931880184015,1,0
1.11750855258513,1,1.65082507900994,1,1
1.67857240468547,1,1.75551124749707,1,0
1.55461167386477,0,1.55461167386477,1,1
1.23190610749864,0,1.23190610749864,1,1
2.47428063262119,1,2.5,0,1
1.36539136616138,0,1.36539136616138,1,0
1.22807027307232,1,2.5,0,1
0.536422437175558,0,0.536422437175558,1,0
1.74094397179745,1,1.74827246178608,1,1
1.52795387801201,1,1.61079745658286,1,0
0.473929530018327,1,2.5,0,1
1.9710513622578,1,2.2139022967755,1,1
1.42502579279924,0,1.42502579279924,1,1
0.73148525051008,1,2.5,0,0
0.502004197659472,1,2.5,0,0
1.034917869136,0,1.034917869136,1,1
1.51220306328248,1,1.69103125672874,1,0
0.630461207517692,0,0.630461207517692,1,1
1.33799555980777,0,1.33799555980777,1,1
1.37278835947975,1,1.39230390560442,1,0
0.563773449624616,1,2.5,0,0
1.10093397491623,1,1.41864535075739,1,0
0.969003994708484,1,2.5,0,1
2.20533739167731,0,2.20533739167731,1,1
1.5541991945454,1,2.3897234870999,1,1
1.11089437453515,0,1.11089437453515,1,1
1.96689709275077,0,1.96689709275077,1,1
1.6447266410565,1,2.22838581352304,1,1
0.68347498308587,0,0.68347498308587,1,1
0.95261365260796,1,1.97101958466593,1,0
0.591152478216407,1,2.5,0,0
0.770622990473428,0,0.770622990473428,1,0
1.94431943656339,1,2.22255334448708,1,1
1.69384644142751,1,2.5,0,1
1.21713028630318,1,1.49708822589019,1,0
1.01968724473442,0,1.01968724473442,1,0
1.54087849508819,1,1.81331060666609,1,0
1.33388516650102,1,2.31539108350946,1,1
1.42907520722911,1,1.72071384959616,1,1
2.27275585547376,0,2.27275585547376,1,1
0.877895893013796,1,1.94259748153995,1,0
0.405462646437816,0,0.405462646437816,1,0
1.81804342756768,1,2.23059132683714,1,1
0.22209571671229,1,2.5,0,1
1.32426968101882,1,1.76155850171386,1,0
0.840051439772144,1,2.5,0,0
0.567186421649359,0,0.567186421649359,1,0
1.08618164877799,1,1.49509382716551,1,0
1.95169734574988,1,2.1366015894353,1,0
0.890585024711911,0,0.890585024711911,1,0
1.44030214922577,0,1.44030214922577,1,0
0.941783497928303,0,0.941783497928303,1,0
2.25657470691186,0,2.25657470691186,1,1
1.4116200816509,0,1.4116200816509,1,0
0.658998600223906,1,2.5,0,0
1.15858165717984,0,1.15858165717984,1,0
0.944758675806776,0,0.944758675806776,1,1
1.45223640909314,0,1.45223640909314,1,1
2.12591293821393,0,2.12591293821393,1,1
1.62995064386937,0,1.62995064386937,1,1
0.615449598456,1,2.5,0,0
0.513781775181824,0,0.513781775181824,1,0
0.64879322091778,1,2.5,0,1
1.10240289546766,1,2.5,0,1
1.25663762417123,1,1.65790865499132,1,0
0.884188889549269,0,0.884188889549269,1,1
1.58524087391992,0,1.58524087391992,1,1
1.97994647936302,1,2.01851071944563,1,1
1.23246349336756,1,1.53644227673715,1,0
0.747379200656858,1,2.5,0,0
0.982664500825324,1,2.5,0,0
0.861418571222432,0,0.861418571222432,1,0
0.798047602042964,1,2.5,0,0
1.43672346118699,1,2.14989426051551,1,0
0.93815932046477,0,0.93815932046477,1,0
1.28843721153098,0,1.28843721153098,1,1
2.24989633718638,1,2.39760388666299,1,0
1.23861132809287,0,1.23861132809287,1,0
1.11957661936408,0,1.11957661936408,1,1
1.43912378661353,0,1.43912378661353,1,1
1.07201463118562,1,1.11669545481647,1,0
1.34639272637201,0,1.34639272637201,1,0
1.41446774821412,0,1.41446774821412,1,1
1.9298072782707,0,1.9298072782707,1,1
0.752598187885606,0,0.752598187885606,1,0
1.77618962473402,1,2.03318637075458,1,0
0.802511662385544,0,0.802511662385544,1,1
1.23739007600165,0,1.23739007600165,1,0
0.39570147028092,0,0.39570147028092,1,0
1.44870395827645,0,1.44870395827645,1,1
0.913477208961337,0,0.913477208961337,1,0
1.17955799208283,1,1.50452712669929,1,0
1.03123099333764,0,1.03123099333764,1,1
0.951851935138759,1,2.5,0,1
1.01896575081218,1,2.25300360772853,1,0
1.59116889470039,0,1.59116889470039,1,1
1.78419301130064,0,1.78419301130064,1,1
0.653759290374706,0,0.653759290374706,1,0
0.568771813643892,1,2.5,0,0
2.1708304458463,1,2.5,0,1
1.78227642435825,0,1.78227642435825,1,1
1.43867398404062,1,1.98011771912152,1,1
1.38167777313739,0,1.38167777313739,1,1
1.55507571066056,1,1.97409443511887,1,0
0.839835126440322,0,0.839835126440322,1,0
1.96434526348763,0,1.96434526348763,1,1
1.39753309764941,0,1.39753309764941,1,0
0.384252429326073,1,2.5,0,0
1.19914517365111,1,1.26674998042018,1,0
2.09514676506769,1,2.38878299867302,1,1
1.72491860210388,0,1.72491860210388,1,0
1.13872062995013,1,2.32508665006818,1,0
1.2047147329361,0,1.2047147329361,1,1
0.957827565863831,0,0.957827565863831,1,0
1.72074163838118,1,2.5,0,1
1.1376528725776,0,1.1376528725776,1,1
0.921865667358064,1,2.5,0,0
2.17211697051518,1,2.5,0,1
1.96809066273558,1,2.40232034079363,1,1
1.49646045977379,1,1.7502999316011,1,1
1.44437881816693,1,2.3534929479307,1,0
1.40866287704194,0,1.40866287704194,1,0
1.14229191037691,1,2.5,0,1
0.466521037844555,0,0.466521037844555,1,0
1.12930591953858,0,1.12930591953858,1,0
1.24333177993358,0,1.24333177993358,1,1
0.941706145454667,1,2.5,0,0
0.373572038294556,0,0.373572038294556,1,0
0.897760863887904,1,2.5,0,1
0.435559491029746,0,0.435559491029746,1,0
1.28035506716972,0,1.28035506716972,1,0
1.23343405059589,0,1.23343405059589,1,0
0.867606414590886,1,2.5,0,0
1.47747779302382,1,2.32439897197202,1,0
0.832773358534928,0,0.832773358534928,1,0
1.36748004091726,0,1.36748004091726,1,1
1.83617289566178,0,1.83617289566178,1,0
1.01845319421856,1,2.26234390742871,1,1
0.84030385362684,0,0.84030385362684,1,1
1.4176985889884,1,2.5,0,1
1.2463980106788,0,1.2463980106788,1,0
0.974799512228204,1,2.01259417325748,1,0
0.704612724238484,0,0.704612724238484,1,1
1.80668630657007,1,1.97642380312831,1,1
2.5,0,2.5,0,1
0.639910628331881,0,0.639910628331881,1,0
1.2074431752213,0,1.2074431752213,1,1
1.19662498980006,0,1.19662498980006,1,1
1.33884811372075,0,1.33884811372075,1,1
0.591851482064745,1,2.5,0,0
1.24559998577956,0,1.24559998577956,1,0
1.10064213381058,1,2.04142773408399,1,0
0.528219752463516,0,0.528219752463516,1,0
1.9467489047949,0,1.9467489047949,1,1
0.970477280425453,0,0.970477280425453,1,0
0.704572785812562,1,2.5,0,1
2.22866136460969,0,2.22866136460969,1,1
0.426001940488164,1,2.5,0,0
0.91418768983826,0,0.91418768983826,1,0
0.757864119024713,0,0.757864119024713,1,0
1.01882274016577,0,1.01882274016577,1,0
0.932958249472806,1,1.85164958661904,1,0
1.35546837337769,0,1.35546837337769,1,1
1.22150624884955,1,2.5,0,1
0.242962422949226,0,0.242962422949226,1,0
2.5,0,2.5,0,1
1.58746358698832,1,1.75097062755697,1,1
0.687700987867305,0,0.687700987867305,1,0
0.852931782136351,0,0.852931782136351,1,0
0.715032917072233,1,2.5,0,1
0.928557330427139,1,2.46032968284909,1,0
0.890172420812814,1,2.5,0,0
1.89367977009042,1,2.22275497340419,1,1
1.74128921086628,1,1.98150559354756,1,0
2.01871735175153,1,2.35220246997385,1,1
0.738931509770539,0,0.738931509770539,1,0
1.04884344023644,0,1.04884344023644,1,0
0.535628998075394,1,2.5,0,0
0.834358209825067,1,2.5,0,0
1.58054013998838,1,1.91159835570761,1,1
0.557410628514128,1,2.5,0,0
0.593037849997593,0,0.593037849997593,1,0
0.863764026136944,0,0.863764026136944,1,0
0.414709031977028,0,0.414709031977028,1,1
0.415895788294506,0,0.415895788294506,1,1
1.514598700337,1,1.89422140475815,1,1
1.60845516215053,0,1.60845516215053,1,0
1.13081604745024,0,1.13081604745024,1,1
1.52203595838052,1,2.27100340707186,1,1
0.721478545567551,0,0.721478545567551,1,0
1.33070374604891,1,1.6224315892915,1,0
0.892050814258269,0,0.892050814258269,1,0
1.77162004277104,0,1.77162004277104,1,1
1.27051403191679,1,2.08134417592095,1,1
0.927383570960651,0,0.927383570960651,1,1
0.423520865659009,1,2.5,0,0
0.853001803841657,1,1.54706199857119,1,1
0.966584727764806,0,0.966584727764806,1,0
0.971241271575417,0,0.971241271575417,1,1
1.13781538031361,0,1.13781538031361,1,0
1.47330492683803,0,1.47330492683803,1,0
1.18869599259045,1,1.76326273649169,1,0
1.48966469693216,0,1.48966469693216,1,0
0.903179140610614,0,0.903179140610614,1,0
1.89145662648578,1,2.29713657233126,1,1
1.79980940696495,1,2.33242431818867,1,1
0.853519506926486,1,2.5,0,0
1.18593160761058,0,1.18593160761058,1,1
0.896122960379847,1,2.5,0,1
0.311832992240191,1,2.5,0,1
0.541569127302972,0,0.541569127302972,1,0
1.23883266248124,1,1.60305435629374,1,0
1.66334460440431,1,2.5,0,1
1.27732321612407,1,2.48944627547935,1,1
1.24772109394591,1,1.62191475783846,1,0
0.843844327990201,0,0.843844327990201,1,0
0.903261829859107,1,2.5,0,0
0.941266584342025,1,2.5,0,0
1.78446202495154,0,1.78446202495154,1,1
2.31089211384955,0,2.31089211384955,1,1
2.12314362460582,0,2.12314362460582,1,1
1.43684439741706,1,1.666766235874,1,0
0.74167383242779,0,0.74167383242779,1,0
0.886253767984822,0,0.886253767984822,1,1
1.0994409427462,1,2.2359130241986,1,0
0.512792250139036,0,0.512792250139036,1,0
0.84658483901765,1,2.5,0,0
1.39859674923483,0,1.39859674923483,1,1
0.972623968927278,0,0.972623968927278,1,0
0.973337552913416,1,2.5,0,0
1.87220412013037,1,2.31271470262326,1,1
1.08512667668409,1,1.80299332616432,1,0
1.22732736222438,1,1.81273858120677,1,1
1.56993616532331,0,1.56993616532331,1,0
1.28533206448882,0,1.28533206448882,1,1
0.914894735256779,1,2.5,0,0
1.78027494526011,1,2.05771518675588,1,1
1.25382419040291,0,1.25382419040291,1,1
0.996643753588803,0,0.996643753588803,1,0
1.90671434529945,0,1.90671434529945,1,1
1.45270267905044,1,1.58879916819714,1,0
0.95406127775412,1,2.42646552019563,1,0
1.42347524829757,1,1.60031830058748,1,1
1.69679006107295,1,1.753662933042,1,0
1.78010215105875,1,2.4664729674143,1,1
1.75910589816968,1,1.88618523283465,1,0
1.66890071097373,0,1.66890071097373,1,1
1.48773406161407,1,1.5150287167781,1,1
0.480305789082664,1,2.5,0,0
1.31481501021685,1,1.80083019979256,1,0
1.16672461541804,1,2.5,0,1
1.21043139799091,1,1.40155362214253,1,0
1.45608961386048,1,2.5,0,1
1.42567233688072,0,1.42567233688072,1,1
1.26221280463953,0,1.26221280463953,1,0
0.495349730220283,0,0.495349730220283,1,0
0.596455253253477,1,2.5,0,1
0.770135616548639,0,0.770135616548639,1,0
1.63870740879145,1,2.24187016450188,1,1
1.0135696747304,1,1.81269129539931,1,0
1.41550322368817,0,1.41550322368817,1,0
1.5195233026218,0,1.5195233026218,1,1
1.98002605168558,1,2.38736868812792,1,1
0.890361101650591,1,2.5,0,0
0.763271732546235,0,0.763271732546235,1,0
1.28286288206868,1,2.36137931497634,1,0
1.14015676985022,1,1.69699309851026,1,0
1.37976507165605,1,1.55619429722317,1,0
0.986699435486381,1,2.5,0,0
1.4405204113364,0,1.4405204113364,1,1
1.0826349419087,1,2.23362903658507,1,1
1.09080891201787,1,2.5,0,1
0.733273359626191,0,0.733273359626191,1,0
0.765821527471669,1,2.5,0,0
1.04777107937726,1,2.02832851136235,1,0
0.487155501017817,0,0.487155501017817,1,1
0.774313449106031,1,2.5,0,0
1.35534076290749,0,1.35534076290749,1,1
1.01008383487121,1,1.70894921265268,1,0
1.28386034467276,0,1.28386034467276,1,0
1.72926527662161,1,1.98529789160836,1,1
1.39559826292962,0,1.39559826292962,1,0
1.21183201038472,0,1.21183201038472,1,1
0.715073104695786,0,0.715073104695786,1,0
0.897482643975519,1,2.22323742844539,1,0
1.10422876431888,0,1.10422876431888,1,0
0.582788616070225,0,0.582788616070225,1,0
0.70895822151181,0,0.70895822151181,1,1
2.17432800497933,1,2.42360315146418,1,1
1.55707834773302,0,1.55707834773302,1,1
0.849312214285654,1,2.5,0,0
0.876393790452799,1,2.5,0,1
0.808117178650441,1,2.5,0,0
0.981913609629284,1,2.45745225475703,1,1
1.02142191879628,0,1.02142191879628,1,1
1.24893467754905,1,2.18931866821044,1,0
0.994682909451349,0,0.994682909451349,1,1
0.884321195988782,0,0.884321195988782,1,0
0.924322049887624,0,0.924322049887624,1,1
1.04620768320738,1,2.1929677954623,1,0
1.14635246699734,1,2.5,0,1
1.54884511824574,1,1.56082880608232,1,1
0.941118220952264,1,2.5,0,0
0.991381825796121,0,0.991381825796121,1,1
1.99773415598906,0,1.99773415598906,1,0
1.02047869846328,1,1.71797182071094,1,1
0.806226558518387,1,2.5,0,0
1.2799465440498,1,2.21580152377512,1,1
1.25739588819372,1,1.57090902636255,1,1
1.3717935554154,0,1.3717935554154,1,0
1.26907669926584,0,1.26907669926584,1,1
1.25149935761104,0,1.25149935761104,1,1
0.962514787831607,0,0.962514787831607,1,0
1.65271829161656,0,1.65271829161656,1,0
0.486263644677294,0,0.486263644677294,1,0
1.11223477504521,0,1.11223477504521,1,1
2.14260469068801,1,2.5,0,1
0.672370697993582,1,2.5,0,1
1.2298948603202,0,1.2298948603202,1,1
0.85611372676176,1,2.5,0,1
1.35194914919425,1,2.01292989699983,1,1
2.09986275335059,0,2.09986275335059,1,1
0.92302631771717,0,0.92302631771717,1,0
0.743926331963437,0,0.743926331963437,1,0
1.79531016622451,0,1.79531016622451,1,1
1.93442227404554,1,1.95269920555971,1,1
1.03326625979058,0,1.03326625979058,1,0
0.708715720678432,1,2.5,0,1
1.84291828112001,0,1.84291828112001,1,1
0.957290617354417,0,0.957290617354417,1,0
1.03460391126133,0,1.03460391126133,1,1
1.25555813612171,0,1.25555813612171,1,1
1.76052739758489,0,1.76052739758489,1,1
1.71257901388306,0,1.71257901388306,1,1
1.36482495004095,1,2.46382906651813,1,1
1.76643809222558,1,2.5,0,1
1.1872690553908,0,1.1872690553908,1,0
1.35200775196932,0,1.35200775196932,1,1
1.38931724918887,0,1.38931724918887,1,1
1.01483611131555,0,1.01483611131555,1,0
1.1755373981097,0,1.1755373981097,1,0
0.982802185792642,1,2.5,0,1
0.410472731652839,0,0.410472731652839,1,0
0.903266158726753,1,2.5,0,1
2.04038441658834,0,2.04038441658834,1,1
2.00054517689547,0,2.00054517689547,1,1
1.39443130241013,1,2.38472242173054,1,0
1.22283524370948,0,1.22283524370948,1,1
0.640657678709413,0,0.640657678709413,1,0
0.990476169893524,1,2.5,0,0
1.43622390779508,0,1.43622390779508,1,1
0.947848903619299,0,0.947848903619299,1,1
1.80863247130597,0,1.80863247130597,1,1
1.18750245954526,0,1.18750245954526,1,1
0.731455007726152,1,2.5,0,0
1.86160951062952,1,2.42226881395472,1,1
1.01696425264907,1,2.20089121669561,1,0
1.63262572469254,0,1.63262572469254,1,0
1.29416640291365,0,1.29416640291365,1,1
1.66848630839743,0,1.66848630839743,1,1
1.34324163346359,1,2.13251981897208,1,0
2.31635938494682,0,2.31635938494682,1,1
0.695639579041395,0,0.695639579041395,1,0
0.855043953558963,1,2.5,0,0
2.00697897047643,0,2.00697897047643,1,1
1.33512781136601,1,1.46995565987277,1,0
1.18409865868572,0,1.18409865868572,1,0
0.442434097631345,1,2.5,0,0
1.50799770966096,0,1.50799770966096,1,1
1.35010889619236,0,1.35010889619236,1,0
1.0958689829936,0,1.0958689829936,1,1
0.421447907030301,0,0.421447907030301,1,0
0.832528773600626,0,0.832528773600626,1,0
0.768308598676091,0,0.768308598676091,1,1
1.44366929802567,1,1.61120610507393,1,0
1.70449448303813,0,1.70449448303813,1,0
0.857317900140608,1,2.5,0,1
1.08008049985581,1,1.86639412993478,1,1
2.22926827166523,1,2.5,0,1
1.01120885489566,0,1.01120885489566,1,1
1.06560564747061,1,2.5,0,1
0.692732265888953,0,0.692732265888953,1,1
0.81432265329554,1,2.5,0,0
1.09651782749521,0,1.09651782749521,1,1
1.22388943429535,1,1.64587208261832,1,1
1.61473265685742,1,1.85523842385231,1,1
1.34679187431851,1,2.35001992175028,1,0
0.993666864927208,0,0.993666864927208,1,0
1.19250215093286,1,2.234670652142,1,0
1.81235874802382,1,2.21848548158899,1,0
1.07027131080998,0,1.07027131080998,1,1
0.864451362248127,0,0.864451362248127,1,0
0.696866842721185,1,2.5,0,0
1.5840434263916,0,1.5840434263916,1,1
1.38456383541109,1,2.5,0,1
1.19447729912203,1,1.37386536564769,1,0
1.62811742654662,1,1.63269833799575,1,1
1.01167055600475,1,2.5,0,0
1.36172486133891,0,1.36172486133891,1,0
1.73087116108329,0,1.73087116108329,1,1
0.895017974315836,0,0.895017974315836,1,1
2.5,0,2.5,0,1
1.43598520273148,1,2.16201063809543,1,0
1.84638167511784,1,2.20384030678186,1,1
1.74405188214642,1,2.5,0,1
0.651995513526694,0,0.651995513526694,1,1
0.857898096869148,1,2.5,0,0
1.1834326113787,0,1.1834326113787,1,0
1.07573301263522,0,1.07573301263522,1,1
1.63421887704645,1,2.43893449526972,1,1
0.508358429135784,1,2.5,0,0
1.42428551012055,0,1.42428551012055,1,0
0.651783008295629,1,2.5,0,1
1.47520488655016,1,1.63863240332826,1,1
1.54878395079073,1,2.02811574433177,1,1
0.876908793167904,0,0.876908793167904,1,0
2.03320642451861,0,2.03320642451861,1,1
0.954340982075836,1,2.15415389403877,1,1
1.94202821328797,1,2.18269799722669,1,1
1.47402800830485,0,1.47402800830485,1,1
2.22686345355455,1,2.31221805336935,1,0
1.32956473637953,1,2.5,0,1
1.70010816941918,0,1.70010816941918,1,0
1.28416282264985,1,1.62523239297542,1,1
2.08206971459504,1,2.2822586939598,1,1
0.82002188562785,0,0.82002188562785,1,0
1.37757847652543,0,1.37757847652543,1,1
0.405185257879804,0,0.405185257879804,1,0
0.696790565326671,0,0.696790565326671,1,0
1.59704535902222,1,2.47238246371953,1,1
0.684725227939024,0,0.684725227939024,1,0
1.89152766346946,0,1.89152766346946,1,1
1.36379436059731,1,1.43868208923908,1,0
2.12660637883158,0,2.12660637883158,1,0
1.51092328519343,1,1.60347734276731,1,1
0.737513993608301,0,0.737513993608301,1,0
0.824908622782689,1,2.5,0,0
1.3904952069288,0,1.3904952069288,1,0
0.69166768765891,0,0.69166768765891,1,1
0.97614284748207,1,2.5,0,1
0.374422651874679,0,0.374422651874679,1,0
1.57926446762824,0,1.57926446762824,1,0
1.01919052922404,1,2.3742077043652,1,0
1.00434618546452,1,2.5,0,1
0.871595638672247,0,0.871595638672247,1,1
0.63107605356232,1,2.5,0,1
1.49220480701509,1,2.5,0,1
1.63443164864486,0,1.63443164864486,1,1
2.08595809989345,1,2.20391358617322,1,1
0.914898081304608,0,0.914898081304608,1,1
1.14802759783036,0,1.14802759783036,1,0
0.84550508437335,0,0.84550508437335,1,0
1.34648715523136,1,2.10750647877251,1,0
1.25089775224589,0,1.25089775224589,1,0
1.2982398955325,1,1.64808456496661,1,1
0.780652202543042,0,0.780652202543042,1,1
1.33461958609898,0,1.33461958609898,1,0
0.69448225911714,1,2.5,0,0
0.409981431157224,0,0.409981431157224,1,1
1.0720406301695,0,1.0720406301695,1,0
1.36851376430333,1,2.15939856111801,1,0
1.24615418463512,0,1.24615418463512,1,0
0.637205974161704,1,2.5,0,0
1.14151242054746,1,2.05788196189799,1,1
0.455124584755932,1,2.5,0,0
1.56829262767238,0,1.56829262767238,1,0
1.39260849086053,0,1.39260849086053,1,1
1.24390186104249,1,1.47064520773263,1,0
1.68239682863635,0,1.68239682863635,1,1
2.00924283189804,1,2.0409056564128,1,1
1.27125706377086,1,1.30423366824371,1,0
2.09362741543221,1,2.3626070901107,1,0
1.20535517896231,1,1.71053824156885,1,0
0.366614559292025,1,2.5,0,1
1.79792020707616,1,2.0023160404958,1,1
1.77946979204219,1,2.34805674511393,1,1
0.914366798795368,0,0.914366798795368,1,1
1.30994555526514,1,1.44687019534829,1,0
1.13844305189022,1,1.90051485106809,1,0
1.00973650221253,1,1.74375545787656,1,0
0.91413092330934,0,0.91413092330934,1,0
1.40407370475259,1,1.46779330425495,1,1
0.363918305600044,0,0.363918305600044,1,0
1.03696786572292,1,2.5,0,0
1.14221636669363,1,1.51034873338171,1,1
1.26122518652854,0,1.26122518652854,1,1
2.02947792966404,0,2.02947792966404,1,1
1.73489403239125,1,2.5,0,1
0.756458588980165,0,0.756458588980165,1,1
0.852673128248876,0,0.852673128248876,1,1
0.505076967110178,0,0.505076967110178,1,1
1.67439350728711,0,1.67439350728711,1,1
0.839617082800867,1,2.5,0,0
1.92280804057848,1,2.5,0,0
1.50092667838335,1,2.5,0,1
1.01264542968434,1,2.5,0,1
1.88732859589392,1,2.18511519999376,1,1
1.15511984726367,0,1.15511984726367,1,0
0.500702198796313,0,0.500702198796313,1,0
2.22417604595893,0,2.22417604595893,1,1
2.21823554913251,0,2.21823554913251,1,1
0.780979472272004,0,0.780979472272004,1,0
0.646256221282045,0,0.646256221282045,1,0
1.014622590477,1,2.5,0,1
1.2536526612342,0,1.2536526612342,1,0
0.543928862195732,0,0.543928862195732,1,0
1.29286962712702,1,2.21332140494573,1,1
1.2566677301391,1,1.29330658659541,1,0
1.78415879994463,0,1.78415879994463,1,1
0.499797301563144,1,2.5,0,1
0.726448309881739,1,2.5,0,0
1.17041222630213,0,1.17041222630213,1,1
1.46195588379288,0,1.46195588379288,1,1
0.828677355754181,0,0.828677355754181,1,0
2.2707682445975,1,2.35886783853585,1,0
0.539183582044338,1,2.5,0,0
0.959180170181349,1,2.5,0,0
0.63786197635486,0,0.63786197635486,1,1
1.04443375753047,0,1.04443375753047,1,0
0.941337246671221,0,0.941337246671221,1,0
0.916716926992164,0,0.916716926992164,1,1
0.89092114463694,1,1.15883928007813,1,0
1.24631445745025,0,1.24631445745025,1,0
2.29196656536955,0,2.29196656536955,1,1
0.63993667338901,1,2.5,0,0
0.827571476606363,0,0.827571476606363,1,1
1.34286651246441,0,1.34286651246441,1,0
0.79274897509169,0,0.79274897509169,1,1
0.682907516173146,1,2.5,0,0
0.8454019008813,0,0.8454019008813,1,0
0.671695596177866,0,0.671695596177866,1,0
1.42970137164303,0,1.42970137164303,1,1
2.00167767427164,0,2.00167767427164,1,1
1.28005809859755,1,2.11835773587341,1,1
0.766386710113516,1,2.5,0,1
1.71114730838081,0,1.71114730838081,1,1
0.857050523958341,1,2.5,0,1
1.65643989575371,0,1.65643989575371,1,0
0.25827348093765,0,0.25827348093765,1,0
0.419057544210489,0,0.419057544210489,1,0
0.791218935269907,1,2.5,0,0
1.51819502595376,1,1.80741507092389,1,1
1.60714466726743,0,1.60714466726743,1,1
0.898937357454233,1,2.5,0,0
1.53730954879137,1,2.19005557072963,1,1
1.7888269839456,1,1.811557981423,1,0
1.03872396724473,1,2.35806742864661,1,1
1.4090607805267,1,1.59924133518302,1,1
0.878063216342694,1,2.5,0,0
1.55577181577874,0,1.55577181577874,1,0
1.00870580184838,0,1.00870580184838,1,0
0.630399943637125,0,0.630399943637125,1,0
1.21365343063075,1,1.26891303725895,1,1
1.73150557976347,1,1.88598443218791,1,1
1.65210372088681,0,1.65210372088681,1,1
0.804741245682854,1,2.5,0,0
1.01925825511706,0,1.01925825511706,1,0
0.772710384230402,1,2.5,0,1
0.837374258795567,0,0.837374258795567,1,0
1.00991211046751,0,1.00991211046751,1,0
1.36787262292579,1,1.93910876152865,1,0
0.694911248339436,0,0.694911248339436,1,0
1.29497238135363,1,1.90992276151586,1,0
0.687169673615111,1,2.5,0,0
1.26951243625426,0,1.26951243625426,1,0
1.8253064863987,0,1.8253064863987,1,0
0.791745612924271,0,0.791745612924271,1,0
1.09190828824352,1,2.01627864641386,1,0
1.65286191710199,1,1.9207591039611,1,1
1.53615623630357,0,1.53615623630357,1,0
1.69956338443847,0,1.69956338443847,1,0
1.73342304584298,1,2.19121212877266,1,1
1.09526819638312,0,1.09526819638312,1,1
1.64488323456106,0,1.64488323456106,1,0
0.985330508481293,1,2.5,0,1
1.47041750314547,0,1.47041750314547,1,0
1.02604047400877,1,2.5,0,1
1.53460286493235,0,1.53460286493235,1,1
1.05461278399198,0,1.05461278399198,1,0
1.2085619969353,0,1.2085619969353,1,0
1.33384148126511,0,1.33384148126511,1,0
1.55373711264339,1,2.42950994080046,1,1
1.8034207404756,1,2.01655932686276,1,1
1.85531743067226,0,1.85531743067226,1,1
0.922404521797637,0,0.922404521797637,1,0
1.2406191697378,0,1.2406191697378,1,1
0.668806633148017,0,0.668806633148017,1,1
1.99441901614705,1,2.5,0,1
0.995248070062536,1,1.50429189536825,1,0
1.11018317145164,1,1.45419000955552,1,0
0.75397340442828,1,2.5,0,0
0.753088618585246,1,2.5,0,0
1.52467070440591,0,1.52467070440591,1,1
0.307199598226523,1,2.5,0,0
0.35688371176775,1,2.5,0,1
0.66215710097635,1,2.5,0,0
1.00489534126918,1,2.5,0,1
1.13066394173258,0,1.13066394173258,1,1
2.3026678202251,0,2.3026678202251,1,1
1.07060095675037,0,1.07060095675037,1,1
1.02334334825523,1,2.5,0,1
1.9125516564667,0,1.9125516564667,1,0
1.29322948530276,1,1.5441899673566,1,0
1.40935393508572,0,1.40935393508572,1,1
1.72047054876685,0,1.72047054876685,1,1
0.903273882480448,1,2.5,0,1
0.955501681480581,1,2.5,0,0
1.51050327737703,1,2.0736759372227,1,1
1.49650122518714,0,1.49650122518714,1,0
1.12146194955545,0,1.12146194955545,1,1
0.463572571605633,0,0.463572571605633,1,0
0.824790586266652,0,0.824790586266652,1,0
1.20010060673477,0,1.20010060673477,1,0
1.71453712894032,0,1.71453712894032,1,0
0.828785107296192,1,2.5,0,1
1.53230766937058,0,1.53230766937058,1,1
1.0926278768578,1,2.20521457299286,1,1
1.0537765521331,0,1.0537765521331,1,1
1.45729330392463,1,2.10521938313253,1,0
1.9020167116205,0,1.9020167116205,1,1
0.85913542466508,1,2.5,0,0
0.956131536648651,0,0.956131536648651,1,0
1.59837773520678,1,2.5,0,1
1.21038025472484,1,1.40507482034387,1,0
1.25503632862206,0,1.25503632862206,1,0
1.53338633300722,0,1.53338633300722,1,1
0.577023779549401,1,2.5,0,0
2.15657712708588,0,2.15657712708588,1,1
0.991809697898315,1,2.5,0,0
1.61221303265866,1,1.66927634109276,1,0
1.25994805984293,1,1.77944937416232,1,0
1.8211432317125,1,2.5,0,1
2.5,0,2.5,0,1
1.22211530682011,1,2.5,0,0
0.860274483973063,0,0.860274483973063,1,0
2.28328454469482,0,2.28328454469482,1,1
1.64637000260232,1,2.5,0,1
1.17212546227839,0,1.17212546227839,1,1
1.79503532138731,1,2.44843173532551,1,1
0.946797474686443,1,2.5,0,0
0.385685040489697,0,0.385685040489697,1,1
1.04029910496205,1,2.5,0,1
1.88766447609869,0,1.88766447609869,1,1
1.65125186891424,0,1.65125186891424,1,0
2.23556377558929,1,2.28669809301829,1,1
1.57602002795818,0,1.57602002795818,1,1
0.747784823587987,0,0.747784823587987,1,0
0.942844197674874,0,0.942844197674874,1,1
1.99366623416438,0,1.99366623416438,1,1
1.34460514023273,1,2.36421270763771,1,0
1.42981558551186,1,1.66638569082124,1,0
1.30157166075815,0,1.30157166075815,1,0
1.07036883686152,0,1.07036883686152,1,0
0.943002829191811,1,2.5,0,1
1.27167911582357,1,2.5,0,1
1.35021445503503,0,1.35021445503503,1,1
0.313966356973523,0,0.313966356973523,1,1
1.58123310780175,1,1.66454197416862,1,1
0.915369229392542,0,0.915369229392542,1,1
0.758115626825884,1,2.5,0,0
1.13783473312452,1,2.5,0,0
0.849330768112486,1,2.5,0,0
1.74603482293739,0,1.74603482293739,1,1
1.55563096906701,1,2.16650669505296,1,1
0.4358923273062,0,0.4358923273062,1,1
1.39854061776411,1,2.09626892295471,1,1
1.2640637452203,0,1.2640637452203,1,1
0.963235856422778,1,1.5067774369868,1,1
1.84617762105268,1,2.28041752867982,1,1
1.90433818433294,0,1.90433818433294,1,1
2.30843310961393,0,2.30843310961393,1,1
2.05240594667304,1,2.17461379016625,1,1
0.76536041477116,0,0.76536041477116,1,0
0.680064119256647,0,0.680064119256647,1,0
0.932144821281517,1,2.5,0,0
1.35176379674155,0,1.35176379674155,1,1
1.90776969173105,0,1.90776969173105,1,1
1.56543970295134,1,2.03986531863444,1,0
0.759655884290298,1,2.5,0,1
0.782127962709444,1,2.5,0,1
1.45899165444993,1,1.91544741470815,1,1
0.996561943397898,1,2.5,0,0
0.139055195072205,1,2.5,0,0
0.803951031182164,1,2.5,0,1
1.19192367445564,1,1.23834186669111,1,0
1.19048551416898,1,2.44619046811646,1,0
1.6684279299972,0,1.6684279299972,1,1
1.55324244565933,1,2.10667259496892,1,1
1.6175684506012,1,1.9256079044797,1,1
0.874081873642708,0,0.874081873642708,1,0
1.18890576653143,0,1.18890576653143,1,1
0.786754353962275,0,0.786754353962275,1,0
1.56647089257187,0,1.56647089257187,1,1
0.682544547323475,1,2.5,0,1
1.51601651595258,0,1.51601651595258,1,0
1.74754020005905,1,1.92799854028681,1,1
1.00959900027341,1,2.5,0,1
1.37975552288061,0,1.37975552288061,1,1
1.68826911954782,1,2.44057767927111,1,0
1.34812226840223,0,1.34812226840223,1,1
0.628762528205826,0,0.628762528205826,1,1
1.81510407876514,0,1.81510407876514,1,1
0.965573159923459,0,0.965573159923459,1,0
2.13140672680468,0,2.13140672680468,1,1
1.24677409441785,1,2.5,0,0
1.4263124418001,1,1.92632969089029,1,0
1.255965018133,0,1.255965018133,1,0
1.12022259392104,0,1.12022259392104,1,0
1.90921225164103,1,2.10046338954255,1,0
1.10533420590936,0,1.10533420590936,1,0
1.16186885391952,1,2.5,0,0
0.897502482062708,0,0.897502482062708,1,0
0.72827916521856,0,0.72827916521856,1,0
0.495732247231473,0,0.495732247231473,1,1
0.730280708405709,1,2.5,0,0
1.44437075910931,1,2.12154589397622,1,1
1.36355557294237,0,1.36355557294237,1,0
0.651027859638286,1,2.5,0,0
1.28636264852261,0,1.28636264852261,1,1
1.27587270962354,1,2.5,0,1
1.66726553231371,0,1.66726553231371,1,0
0.38306158702098,0,0.38306158702098,1,0
1.27088383754952,1,1.53911130250438,1,0
1.05419038714839,0,1.05419038714839,1,1
1.01597655666578,0,1.01597655666578,1,0
2.37629151026225,1,2.5,0,1
0.639096740110454,1,2.5,0,0
1.31197631240395,1,1.79379760599158,1,1
2.13457008683246,0,2.13457008683246,1,1
1.28678434041685,0,1.28678434041685,1,1
0.416315326023933,1,2.5,0,0
1.57952356127072,1,2.31922479606136,1,1
1.46085361625932,1,1.67017080248154,1,0
1.92869148015231,0,1.92869148015231,1,1
1.12965288713901,1,1.89201255804547,1,0
0.712774883892438,0,0.712774883892438,1,1
0.801761268398147,0,0.801761268398147,1,0
1.33838259911007,1,1.42333590070156,1,0
1.62524531127855,1,2.05484281934526,1,1
0.543979537080899,1,2.5,0,1
1.27930299934985,0,1.27930299934985,1,0
1.55287677834904,0,1.55287677834904,1,0
0.956668696369169,0,0.956668696369169,1,0
1.13900370523784,1,1.79878058402184,1,0
1.88079492913376,0,1.88079492913376,1,1
0.525414081790205,0,0.525414081790205,1,1
1.78223496955655,0,1.78223496955655,1,1
1.08190669310158,0,1.08190669310158,1,1
2.45065005113103,1,2.5,0,1
0.815430045047098,1,2.5,0,0
0.790030416082305,1,2.5,0,0
1.44005726845432,0,1.44005726845432,1,0
0.874968586413483,0,0.874968586413483,1,0
0.286651329038522,1,2.5,0,0
0.888841180343997,0,0.888841180343997,1,0
0.797104910670826,0,0.797104910670826,1,1
1.38755593141491,0,1.38755593141491,1,0
0.795525176613571,0,0.795525176613571,1,1
2.14460408190304,0,2.14460408190304,1,1
1.77907191373005,0,1.77907191373005,1,1
1.0133938774404,0,1.0133938774404,1,0
1.44333299359245,1,1.71187626663507,1,1
1.59552579603468,1,2.0991545910784,1,0
